rearrangement	amino_acid	frame_type	rearrangement_type	templates	reads	frequency	productive_frequency	cdr3_length	v_family	v_gene	v_allele	d_family	d_gene	d_allele	j_family	j_gene	j_allele	v_deletions	d5_deletions	d3_deletions	j_deletions	n2_insertions	n1_insertions	v_index	n1_index	n2_index	d_index	j_index	v_family_ties	v_gene_ties	v_allele_ties	d_family_ties	d_gene_ties	d_allele_ties	j_family_ties	j_gene_ties	j_allele_ties	sequence_tags	v_shm_count	v_shm_indexes	antibody	sample_name	species	locus	product_subtype	kit_pool	total_templates	productive_templates	outofframe_templates	stop_templates	dj_templates	total_rearrangements	productive_rearrangements	outofframe_rearrangements	stop_rearrangements	dj_rearrangements	total_reads	total_productive_reads	total_outofframe_reads	total_stop_reads	total_dj_reads	productive_clonality	productive_entropy	sample_clonality	sample_entropy	sample_amount_ng	sample_cells_mass_estimate	fraction_productive_of_cells_mass_estimate	sample_cells	fraction_productive_of_cells	max_productive_frequency	max_frequency	counting_method	primer_set	release_date	sample_tags	fraction_productive	order_name	kit_id	total_t_cells
CTCACTCTGGAGTCTGCTGCCTCCTCCCAGACATCTGTATATTTCTGCGCCAGCAGTGAGGGAAATCAGCCCCAGCATTTTGGTGAT	CASSEGNQPQHF	In	VDJ	1	null	8.64655478024781E-6	1.0341261633919338E-5	36	TCRBV10	TCRBV10-01			unresolved		TCRBJ01	TCRBJ01-05	01	2	1	8	4	0	0	45	-1	-1	60	63			01,02	TCRBD01,TCRBD02	TCRBD01-01,TCRBD02-01					null	null	null	Vb 12	02-0249_TCRB	Human	TCRB	Deep	null	115653	96700	17505	1448	0	90702	76251	13167	1284	0	null	null	null	null	null	0.0755023062	14.9939365	0.0734105557	15.2598591	1200.0	184615	0.523792757901579	0	0.0	0.0439400189	0.0367392115	v3	Human-TCRB-PD1x	2015-11-09 16:34:04.58	Age:14 Years,Age (Range):10-14 Years,Age (Range):12-18 Years (Adolescence),Biological Sex:Male,Racial Group:Mixed racial group,Subject:Interferon Gamma Release Assay (IGRA) Negative,Subject:Tuberculosis Skin Test Negative,Tissue Source:gDNA,Tissue Source:PBMC,Tissue Source:T cells	0.8361218472499633	UW-Seshadri-P0201	null	0
AAGATCCAGCCTGCAAAGCTTGAGGACTCGGCCGTGTATCTCTGTGCCAGCAGCCCGACGCGAAATCAGCCCCAGCATTTTGGTGAT	CASSPTRNQPQHF	In	VDJ	1	null	8.64655478024781E-6	1.0341261633919338E-5	39	TCRBV11	TCRBV11-02	02		unresolved		TCRBJ01	TCRBJ01-05	01	5	2	7	4	4	2	42	54	59	56	63				TCRBD01,TCRBD02	TCRBD01-01,TCRBD02-01					null	null	null	Vb 21.3	02-0249_TCRB	Human	TCRB	Deep	null	115653	96700	17505	1448	0	90702	76251	13167	1284	0	null	null	null	null	null	0.0755023062	14.9939365	0.0734105557	15.2598591	1200.0	184615	0.523792757901579	0	0.0	0.0439400189	0.0367392115	v3	Human-TCRB-PD1x	2015-11-09 16:34:04.58	Age:14 Years,Age (Range):10-14 Years,Age (Range):12-18 Years (Adolescence),Biological Sex:Male,Racial Group:Mixed racial group,Subject:Interferon Gamma Release Assay (IGRA) Negative,Subject:Tuberculosis Skin Test Negative,Tissue Source:gDNA,Tissue Source:PBMC,Tissue Source:T cells	0.8361218472499633	UW-Seshadri-P0201	null	0
CTCACTGTGACATCGGCCCAAAAGAACCCGACAGCTTTCTATCTCTGTGCCAGTAGTATAGGGGACCAGCCCCAGCATTTTGGTGAT	CASSIGDQPQHF	In	VDJ	1	null	8.64655478024781E-6	1.0341261633919338E-5	36	TCRBV19	TCRBV19-01			unresolved		TCRBJ01	TCRBJ01-05	01	1	0	7	7	0	0	45	-1	-1	61	66			01,02	TCRBD01,TCRBD02	TCRBD01-01,TCRBD02-01					null	null	null	Vb 17	02-0249_TCRB	Human	TCRB	Deep	null	115653	96700	17505	1448	0	90702	76251	13167	1284	0	null	null	null	null	null	0.0755023062	14.9939365	0.0734105557	15.2598591	1200.0	184615	0.523792757901579	0	0.0	0.0439400189	0.0367392115	v3	Human-TCRB-PD1x	2015-11-09 16:34:04.58	Age:14 Years,Age (Range):10-14 Years,Age (Range):12-18 Years (Adolescence),Biological Sex:Male,Racial Group:Mixed racial group,Subject:Interferon Gamma Release Assay (IGRA) Negative,Subject:Tuberculosis Skin Test Negative,Tissue Source:gDNA,Tissue Source:PBMC,Tissue Source:T cells	0.8361218472499633	UW-Seshadri-P0201	null	0
ACTGTGACATCGGCCCAAAAGAACCCGACAGCTTTCTATCTCTGTGCCAGTAGCCCTCGGGGGGAACAGCCCCAGCATTTTGGTGAT	CASSPRGEQPQHF	In	VDJ	1	null	8.64655478024781E-6	1.0341261633919338E-5	39	TCRBV19	TCRBV19-01		TCRBD02	TCRBD02-01	01	TCRBJ01	TCRBJ01-05	01	6	8	1	7	2	4	42	53	64	57	66			01,02							null	null	null	Vb 17	02-0249_TCRB	Human	TCRB	Deep	null	115653	96700	17505	1448	0	90702	76251	13167	1284	0	null	null	null	null	null	0.0755023062	14.9939365	0.0734105557	15.2598591	1200.0	184615	0.523792757901579	0	0.0	0.0439400189	0.0367392115	v3	Human-TCRB-PD1x	2015-11-09 16:34:04.58	Age:14 Years,Age (Range):10-14 Years,Age (Range):12-18 Years (Adolescence),Biological Sex:Male,Racial Group:Mixed racial group,Subject:Interferon Gamma Release Assay (IGRA) Negative,Subject:Tuberculosis Skin Test Negative,Tissue Source:gDNA,Tissue Source:PBMC,Tissue Source:T cells	0.8361218472499633	UW-Seshadri-P0201	null	0
TGCTGTACCCTCTCAGACATCTGTGTACTTCTGTGCCAGCAGTGATCGCCCCAGGGGAGACCAAACTATTGCTACACCTTCGGTTCG		Out	VDJ	1	null	8.64655478024781E-6	null	50	TCRBV06	TCRBV06-04		TCRBD01	TCRBD01-01	01	TCRBJ01	TCRBJ01-02	01	3	4	2	9	13	6	31	45	57	51	70			01,02							null	null	null	null	02-0249_TCRB	Human	TCRB	Deep	null	115653	96700	17505	1448	0	90702	76251	13167	1284	0	null	null	null	null	null	0.0755023062	14.9939365	0.0734105557	15.2598591	1200.0	184615	0.523792757901579	0	0.0	0.0439400189	0.0367392115	v3	Human-TCRB-PD1x	2015-11-09 16:34:04.58	Age:14 Years,Age (Range):10-14 Years,Age (Range):12-18 Years (Adolescence),Biological Sex:Male,Racial Group:Mixed racial group,Subject:Interferon Gamma Release Assay (IGRA) Negative,Subject:Tuberculosis Skin Test Negative,Tissue Source:gDNA,Tissue Source:PBMC,Tissue Source:T cells	0.8361218472499633	UW-Seshadri-P0201	null	0
ACTGTGACATCGGCCCAAAAGAACCCGACAGCTTTCTATCTCTGTGCCAGTAGGGCACACCTAATGGGTGGCTACACCTTCGGTTCG	CASRAHLMGGYTF	In	VDJ	1	null	8.64655478024781E-6	1.0341261633919338E-5	39	TCRBV19	TCRBV19-01			unresolved		TCRBJ01	TCRBJ01-02	01	6	0	9	7	0	12	42	53	-1	65	68			01,02	TCRBD01,TCRBD02	TCRBD01-01,TCRBD02-01					null	null	null	Vb 17	02-0249_TCRB	Human	TCRB	Deep	null	115653	96700	17505	1448	0	90702	76251	13167	1284	0	null	null	null	null	null	0.0755023062	14.9939365	0.0734105557	15.2598591	1200.0	184615	0.523792757901579	0	0.0	0.0439400189	0.0367392115	v3	Human-TCRB-PD1x	2015-11-09 16:34:04.58	Age:14 Years,Age (Range):10-14 Years,Age (Range):12-18 Years (Adolescence),Biological Sex:Male,Racial Group:Mixed racial group,Subject:Interferon Gamma Release Assay (IGRA) Negative,Subject:Tuberculosis Skin Test Negative,Tissue Source:gDNA,Tissue Source:PBMC,Tissue Source:T cells	0.8361218472499633	UW-Seshadri-P0201	null	0
GAGTGCCTTGGAGCTGGGGGACTCGGCCCTGTATCTCTGTGCCAGAAGCTTGGAACTCTTCAATGGGGTGGCTACACCTTCGGTTCG		Out	VDJ	1	null	8.64655478024781E-6	null	44	TCRBV05	TCRBV05-03			unresolved		TCRBJ01	TCRBJ01-02	01	0	6	2	7	0	11	37	53	-1	64	68			01,02	TCRBD01,TCRBD02	TCRBD01-01,TCRBD02-01					null	null	null	null	02-0249_TCRB	Human	TCRB	Deep	null	115653	96700	17505	1448	0	90702	76251	13167	1284	0	null	null	null	null	null	0.0755023062	14.9939365	0.0734105557	15.2598591	1200.0	184615	0.523792757901579	0	0.0	0.0439400189	0.0367392115	v3	Human-TCRB-PD1x	2015-11-09 16:34:04.58	Age:14 Years,Age (Range):10-14 Years,Age (Range):12-18 Years (Adolescence),Biological Sex:Male,Racial Group:Mixed racial group,Subject:Interferon Gamma Release Assay (IGRA) Negative,Subject:Tuberculosis Skin Test Negative,Tissue Source:gDNA,Tissue Source:PBMC,Tissue Source:T cells	0.8361218472499633	UW-Seshadri-P0201	null	0
CAGCCTGCAAAGCTTGAGGACTCGGCCGTGTATCTCTGTGCCAGCAGCACCCCAAAGGGCCCGCCGTCTGGCTACACCTTCGGTTCG	CASSTPKGPPSGYTF	In	VDJ	1	null	8.64655478024781E-6	1.0341261633919338E-5	45	TCRBV11	TCRBV11-02	02		unresolved		TCRBJ01	TCRBJ01-02	01	5	5	3	7	9	7	36	48	59	55	68				TCRBD01,TCRBD02	TCRBD01-01,TCRBD02-01					null	null	null	Vb 21.3	02-0249_TCRB	Human	TCRB	Deep	null	115653	96700	17505	1448	0	90702	76251	13167	1284	0	null	null	null	null	null	0.0755023062	14.9939365	0.0734105557	15.2598591	1200.0	184615	0.523792757901579	0	0.0	0.0439400189	0.0367392115	v3	Human-TCRB-PD1x	2015-11-09 16:34:04.58	Age:14 Years,Age (Range):10-14 Years,Age (Range):12-18 Years (Adolescence),Biological Sex:Male,Racial Group:Mixed racial group,Subject:Interferon Gamma Release Assay (IGRA) Negative,Subject:Tuberculosis Skin Test Negative,Tissue Source:gDNA,Tissue Source:PBMC,Tissue Source:T cells	0.8361218472499633	UW-Seshadri-P0201	null	0
ATCCAGCCCTCAGAACCCAGGGACTCAGCTGTGTACTTCTGTGCCAGCAGTTCGACCTCCTCAGGGGCTGGCTACACCTTCGGTTCG	CASSSTSSGAGYTF	In	VDJ	1	null	8.64655478024781E-6	1.0341261633919338E-5	42	TCRBV12	unresolved		TCRBD01	TCRBD01-01	01	TCRBJ01	TCRBJ01-02	01	4	4	2	7	1	9	39	52	67	61	68		TCRBV12-03,TCRBV12-04								null	null	null	null	02-0249_TCRB	Human	TCRB	Deep	null	115653	96700	17505	1448	0	90702	76251	13167	1284	0	null	null	null	null	null	0.0755023062	14.9939365	0.0734105557	15.2598591	1200.0	184615	0.523792757901579	0	0.0	0.0439400189	0.0367392115	v3	Human-TCRB-PD1x	2015-11-09 16:34:04.58	Age:14 Years,Age (Range):10-14 Years,Age (Range):12-18 Years (Adolescence),Biological Sex:Male,Racial Group:Mixed racial group,Subject:Interferon Gamma Release Assay (IGRA) Negative,Subject:Tuberculosis Skin Test Negative,Tissue Source:gDNA,Tissue Source:PBMC,Tissue Source:T cells	0.8361218472499633	UW-Seshadri-P0201	null	0
